{"stats":{"minecraft:custom":{"minecraft:time_since_rest":1039244,"minecraft:sprint_one_cm":84480,"minecraft:walk_one_cm":862645,"minecraft:drop":7,"minecraft:damage_dealt":20,"minecraft:fly_one_cm":881068,"minecraft:play_one_minute":1105027,"minecraft:crouch_one_cm":102059,"minecraft:sneak_time":18525,"minecraft:walk_under_water_one_cm":2805,"minecraft:jump":297,"minecraft:leave_game":12,"minecraft:time_since_death":1105027,"minecraft:walk_on_water_one_cm":23201,"minecraft:sleep_in_bed":1},"minecraft:dropped":{"minecraft:wheat_seeds":6,"minecraft:bone_meal":1},"minecraft:picked_up":{"minecraft:wheat":73,"minecraft:torch":2,"minecraft:wheat_seeds":172,"minecraft:bone_meal":1,"minecraft:egg":1},"minecraft:used":{"minecraft:purpur_block":6,"minecraft:stone_brick_slab":394,"minecraft:wheat_seeds":4519,"minecraft:glass":24,"minecraft:dark_oak_stairs":49,"minecraft:nether_brick_fence":28,"minecraft:water_bucket":913,"minecraft:ink_sac":1352,"minecraft:acacia_stairs":21,"minecraft:black_wool":155,"minecraft:stripped_dark_oak_wood":4,"minecraft:diamond_shovel":84,"minecraft:bookshelf":15,"minecraft:acacia_door":5,"minecraft:orange_concrete":26,"minecraft:red_wool":56,"minecraft:quartz_slab":63,"minecraft:grass_block":241,"minecraft:iron_block":9,"minecraft:armor_stand":4,"minecraft:acacia_slab":123,"minecraft:diamond_hoe":4674,"minecraft:oak_planks":22,"minecraft:quartz_block":50,"minecraft:chest":6,"minecraft:dark_oak_slab":22,"minecraft:redstone_block":24,"minecraft:cauldron":2,"minecraft:wooden_shovel":109,"minecraft:stone_bricks":209,"minecraft:yellow_wool":172,"minecraft:item_frame":6,"minecraft:white_wool":54,"minecraft:bedrock":13,"minecraft:light_gray_wool":158,"minecraft:orange_bed":3,"minecraft:torch":55,"minecraft:purple_concrete":24,"minecraft:diamond_block":24,"minecraft:glowstone":10,"minecraft:sand":3,"minecraft:dirt":7,"minecraft:emerald_block":24,"minecraft:oak_slab":54,"minecraft:crafting_table":1,"minecraft:oak_sapling":9,"minecraft:furnace":1,"minecraft:dark_oak_fence":36,"minecraft:gold_block":149,"minecraft:glass_pane":114,"minecraft:orange_wool":1,"minecraft:white_bed":1,"minecraft:purple_terracotta":9,"minecraft:egg":34,"minecraft:acacia_planks":246,"minecraft:bone_meal":2008}},"DataVersion":1519}